{
  "title": "STM32WBA Workshop",
  "githubLoc": "https://raw.githubusercontent.com/stm32ws2023/STM32_WBA/master/",
  "options": {
    "allowMenu": true,
    "allowTagSelect": false
  },
  "filesToLoadArr": [

    {
      "name": "STM32WBA Workshop - preparation before the session",
      "path": "/introduction_instalation",
      "file": "file_live_1.md"
    },
    
    {
      "path": "/WBA",
      "file": "wba_ho1.md"
    }
,
    {
      "path": "/WBA",
      "file": "wba_ho2.md"
    }

  ],
  "menuStructure": [

    {
      "type": "Folder",
      "name": "BEFORE WORKSHOP",
      "children": [
  
        
          {
            "type": "File",
            "name": "Before STM32WBA session",
            "file": "file_live_1.md"
          }


      ]
    },

    
  {
      "type": "Folder",
      "name": "STM32WBA - CubeIDE code",
      "children": [
        {
          "type": "File",
          "name": "Hands_on1",
          "file": "wba_ho1.md"
        },
{
          "type": "File",
          "name": "Hands_on2",
          "file": "wba_ho2.md"
        }

      ]
      
    }


  ] 
}






